<?xml version="1.0" encoding="UTF-8"?>
<beans xmlns="http://www.springframework.org/schema/beans"
	xmlns:xsi="http://www.w3.org/2001/XMLSchema-instance"
	xsi:schemaLocation="http://www.springframework.org/schema/beans
	http://www.springframework.org/schema/beans/spring-beans.xsd">

	<bean id="springBean" class="com.spring.collection.injection.beans.SpringBean">
		<property name="lists">
			<list>
				<value>1</value>
				
				<ref bean="personBean" />
				
				<bean class="com.spring.collection.injection.beans.Person">
					<property name="name" value="mkyongList" />
					<property name="address" value="address" />
					<property name="age" value="28" />
				</bean>
				
			</list>
		</property>

		<!-- java.util.Set -->
		<property name="sets">
			<set>
				<value>1</value>
				<ref bean="personBean" />
				<bean class="com.spring.collection.injection.beans.Person">
					<property name="name" value="mkyongSet" />
					<property name="address" value="address" />
					<property name="age" value="28" />
				</bean>
			</set>
		</property>

		<!-- java.util.Map -->
		<property name="maps">
			<map>
				<entry key="Key 1" value="1" />
				<entry key="Key 2" value-ref="personBean" />
				<entry key="Key 3">
					<bean class="com.spring.collection.injection.beans.Person">
						<property name="name" value="mkyongMap" />
						<property name="address" value="address" />
						<property name="age" value="28" />
					</bean>
				</entry>
			</map>
		</property>

		<!-- java.util.Properties -->
		<property name="pros">
			<props>
				<prop key="admin">admin@nospam.com</prop>
				<prop key="support">support@nospam.com</prop>
			</props>
		</property>

	</bean>	
	<bean id="personBean" class="com.spring.collection.injection.beans.Person">
		<property name="name" value="mkyong1" />
		<property name="address" value="address 1" />
		<property name="age" value="28" />
	</bean>

</beans>
